Airline,Month,Passengers
02Q,3,25.0
02Q,4,119.0
02Q,6,86.0
04Q,1,3834.0
04Q,2,3740.0
04Q,3,4692.0
04Q,4,3684.0
04Q,5,3957.0
04Q,6,4177.0
04Q,7,6528.0
04Q,8,6749.0
04Q,9,2809.0
04Q,10,2275.0
04Q,11,3575.0
04Q,12,3315.0
07Q,1,0.0
07Q,2,30.0
07Q,3,0.0
07Q,11,1119.0
07Q,12,10776.0
09Q,1,83006.0
09Q,2,75597.0
09Q,3,110481.0
09Q,4,98736.0
09Q,5,98024.0
09Q,6,96034.0
09Q,7,83479.0
09Q,11,115000.0
0BQ,1,26.0
0BQ,2,29.0
0BQ,3,24.0
0BQ,4,4.0
0BQ,5,21.0
0BQ,6,18.0
0BQ,7,13.0
0BQ,8,3.0
0BQ,9,12.0
0BQ,10,11.0
0BQ,11,27.0
0BQ,12,3.0
0CQ,1,2.0
0CQ,2,16.0
0CQ,4,19.0
0CQ,5,9.0
0CQ,6,15.0
0CQ,7,19.0
0CQ,8,3.0
0CQ,9,14.0
0CQ,10,37.0
0CQ,11,22.0
0CQ,12,8.0
0J,1,2.0
0J,6,16.0
0J,8,30.0
0J,12,18.0
0Q,1,8.0
0Q,2,6.0
0Q,3,16.0
0Q,4,9.0
0Q,5,28.0
0Q,6,23.0
0Q,7,4.0
0Q,8,4.0
0Q,9,26.0
0Q,10,27.0
0Q,11,3.0
0Q,12,4.0
0QQ,1,97.0
0QQ,2,57.0
0QQ,3,64.0
0QQ,4,106.0
0QQ,5,14.0
0QQ,6,114.0
0QQ,7,165.0
0QQ,8,84.0
0QQ,9,72.0
0QQ,10,90.0
0QQ,11,81.0
0QQ,12,4.0
0UQ,1,6.0
0UQ,2,6.0
0UQ,5,6.0
0UQ,9,7.0
0UQ,10,23.0
0UQ,11,6.0
0WQ,1,411.0
0WQ,2,414.0
0WQ,3,524.0
0WQ,4,556.0
0WQ,5,285.0
0WQ,6,324.0
0WQ,7,339.0
0WQ,8,277.0
0WQ,9,188.0
0WQ,10,175.0
0WQ,11,199.0
0WQ,12,174.0
10Q,2,3.0
10Q,3,5.0
10Q,4,4.0
10Q,5,8.0
10Q,7,6.0
10Q,9,2.0
10Q,10,3.0
10Q,11,2.0
10Q,12,3.0
12Q,2,5.0
12Q,3,12.0
12Q,4,7.0
12Q,5,3.0
12Q,6,25.0
12Q,8,6.0
12Q,9,19.0
12Q,10,10.0
12Q,11,11.0
12Q,12,1.0
13Q,1,556.0
13Q,2,515.0
13Q,3,599.0
13Q,4,480.0
13Q,5,527.0
13Q,6,511.0
13Q,7,370.0
13Q,8,508.0
13Q,9,437.0
13Q,10,502.0
13Q,11,491.0
13Q,12,439.0
14Q,1,175.0
14Q,2,208.0
14Q,3,232.0
14Q,4,207.0
14Q,5,296.0
14Q,6,184.0
14Q,7,218.0
14Q,8,164.0
14Q,9,223.0
14Q,10,141.0
14Q,11,255.0
14Q,12,312.0
15Q,1,43.0
15Q,2,25.0
15Q,3,38.0
15Q,4,31.0
15Q,5,53.0
15Q,6,28.0
15Q,7,53.0
15Q,8,20.0
15Q,9,39.0
15Q,10,106.0
15Q,11,31.0
15Q,12,53.0
17Q,1,2.0
17Q,2,2.0
17Q,4,4.0
17Q,6,27.0
17Q,10,9.0
17Q,11,26.0
1AQ,1,4286.0
1AQ,2,3971.0
1AQ,3,4376.0
1AQ,4,2640.0
1AQ,5,4619.0
1AQ,6,5716.0
1AQ,7,6553.0
1AQ,8,5300.0
1AQ,9,4110.0
1AQ,10,5626.0
1AQ,11,4517.0
1AQ,12,3105.0
1BQ,1,13505.0
1BQ,2,9523.0
1BQ,3,13241.0
1BQ,4,6960.0
1BQ,5,22051.0
1BQ,6,31834.0
1BQ,7,41169.0
1BQ,8,22334.0
1BQ,9,13056.0
1BQ,10,15428.0
1BQ,11,18442.0
1BQ,12,15478.0
1EQ,1,1304.0
1EQ,2,1532.0
1EQ,3,1541.0
1EQ,4,1263.0
1EQ,5,936.0
1EQ,6,1258.0
1EQ,7,910.0
1EQ,8,802.0
1EQ,9,646.0
1EQ,10,488.0
1EQ,11,1987.0
1EQ,12,1215.0
1HQ,2,16.0
1HQ,7,7.0
1HQ,9,1.0
1HQ,10,25.0
1HQ,11,13.0
1PQ,1,943.0
1PQ,2,841.0
1PQ,3,946.0
1PQ,4,771.0
1PQ,5,873.0
1QQ,1,1311.0
1QQ,2,1631.0
1QQ,3,1845.0
1QQ,4,1892.0
1QQ,5,1057.0
1QQ,6,2005.0
1QQ,7,2023.0
1QQ,8,2135.0
1QQ,9,1859.0
1QQ,10,1975.0
1QQ,11,1927.0
1QQ,12,2320.0
1SQ,1,7400.0
1SQ,2,8273.0
1SQ,3,8181.0
1SQ,4,7523.0
1SQ,5,8855.0
1SQ,6,7919.0
1SQ,7,8856.0
1SQ,8,9523.0
1SQ,9,7347.0
1SQ,10,7316.0
1SQ,11,6493.0
1SQ,12,8489.0
1TQ,1,0.0
1TQ,2,0.0
1TQ,3,0.0
1TQ,4,0.0
1TQ,5,0.0
1TQ,6,0.0
1TQ,7,0.0
1TQ,8,0.0
1TQ,9,0.0
1TQ,10,0.0
1TQ,11,0.0
1TQ,12,0.0
1UQ,1,42.0
1UQ,3,20.0
1UQ,6,15.0
1UQ,7,271.0
1UQ,8,40.0
1UQ,10,41.0
1UQ,12,14.0
1WQ,1,4334.0
1WQ,2,4334.0
1WQ,3,4334.0
1WQ,4,4412.0
1WQ,5,5429.0
1WQ,6,5211.0
1WQ,7,4611.0
1WQ,8,5569.0
1WQ,9,4698.0
1WQ,10,5830.0
1WQ,11,4710.0
1WQ,12,3712.0
1XQ,1,12.0
1XQ,2,6.0
1XQ,3,4.0
1XQ,4,5.0
1XQ,5,8.0
1XQ,6,1.0
1XQ,9,17.0
1XQ,10,16.0
1XQ,11,4.0
1XQ,12,9.0
1YQ,1,40.0
1YQ,2,294.0
1YQ,3,873.0
1YQ,4,753.0
1YQ,5,681.0
1YQ,6,531.0
1YQ,7,736.0
1YQ,8,763.0
1YQ,9,475.0
1YQ,10,231.0
1YQ,11,22.0
1YQ,12,549.0
1ZQ,1,192.0
1ZQ,3,60.0
1ZQ,4,141.0
1ZQ,5,1.0
1ZQ,6,56.0
1ZQ,7,83.0
1ZQ,8,421.0
1ZQ,9,28.0
1ZQ,10,217.0
1ZQ,11,149.0
22Q,1,40.0
22Q,2,40.0
22Q,3,44.0
22Q,4,22.0
22Q,5,47.0
22Q,6,0.0
22Q,7,0.0
22Q,8,0.0
22Q,9,86.0
22Q,10,59.0
22Q,11,44.0
22Q,12,59.0
24Q,1,10.0
24Q,4,2.0
24Q,6,15.0
24Q,7,14.0
24Q,8,27.0
24Q,10,7.0
24Q,11,1.0
24Q,12,3.0
25Q,1,2.0
25Q,4,12.0
25Q,8,69.0
26Q,4,6.0
26Q,7,10.0
26Q,10,11.0
26Q,12,2.0
27Q,1,1427.0
27Q,2,1424.0
27Q,3,1455.0
27Q,4,1484.0
27Q,5,1436.0
27Q,6,1073.0
27Q,7,1221.0
27Q,8,1320.0
27Q,9,1366.0
27Q,11,1233.0
28Q,1,0.0
28Q,2,0.0
28Q,3,0.0
28Q,4,0.0
28Q,5,0.0
28Q,6,0.0
28Q,7,0.0
2AQ,3,15.0
2AQ,4,8.0
2AQ,5,12.0
2AQ,6,16.0
2AQ,7,22.0
2AQ,8,10.0
2AQ,9,36.0
2AQ,11,2.0
2AQ,12,2.0
2E,1,1800.0
2E,2,1720.0
2E,3,2134.0
2E,4,2203.0
2E,5,2558.0
2E,6,2505.0
2E,7,2776.0
2E,8,2625.0
2E,9,2345.0
2E,10,2074.0
2E,11,1878.0
2E,12,1312.0
2EQ,1,36.0
2EQ,2,20.0
2EQ,4,9.0
2EQ,5,67.0
2EQ,6,72.0
2EQ,7,450.0
2F,1,0.0
2GQ,1,0.0
2GQ,2,0.0
2GQ,3,0.0
2GQ,4,0.0
2GQ,7,0.0
2GQ,8,0.0
2GQ,9,0.0
2GQ,10,0.0
2GQ,12,0.0
2HQ,2,4864.0
2HQ,3,7120.0
2HQ,4,8212.0
2HQ,5,4639.0
2HQ,6,4590.0
2HQ,7,4003.0
2HQ,8,3540.0
2HQ,9,1866.0
2HQ,10,2223.0
2HQ,11,2862.0
2HQ,12,2912.0
2JQ,1,9878.0
2JQ,2,10560.0
2JQ,3,13579.0
2JQ,4,14067.0
2JQ,5,13791.0
2JQ,6,13370.0
2JQ,7,17135.0
2JQ,8,18713.0
2JQ,10,20373.0
2KQ,4,17.0
2LQ,1,1571.0
2LQ,2,1402.0
2LQ,4,2148.0
2LQ,10,1377.0
2LQ,11,1775.0
2LQ,12,1824.0
2O,1,983.0
2O,2,900.0
2O,3,1289.0
2O,4,301.0
2O,5,1703.0
2O,6,2171.0
2O,7,2338.0
2O,8,2686.0
2O,9,2317.0
2O,10,1588.0
2O,11,1742.0
2O,12,1366.0
2OQ,1,1968.0
2OQ,2,917.0
2OQ,3,1530.0
2OQ,4,1347.0
2OQ,5,1121.0
2OQ,6,1785.0
2OQ,7,1984.0
2OQ,8,1619.0
2OQ,9,1368.0
2OQ,10,1597.0
2OQ,11,1597.0
2OQ,12,2284.0
2RQ,1,1.0
2RQ,2,13.0
2RQ,3,5.0
2RQ,4,4.0
2RQ,6,8.0
2RQ,7,4.0
2RQ,8,10.0
2RQ,9,9.0
2RQ,12,8.0
2TQ,1,311.0
2TQ,2,227.0
2TQ,3,534.0
2TQ,4,478.0
2TQ,5,492.0
2TQ,6,943.0
2TQ,7,972.0
2TQ,8,697.0
2TQ,9,241.0
2TQ,10,205.0
2TQ,11,294.0
2TQ,12,546.0
2UQ,1,8.0
2UQ,2,5.0
2UQ,3,3.0
2UQ,4,6.0
2UQ,6,5.0
2UQ,7,21.0
2UQ,8,22.0
2UQ,9,4.0
2UQ,10,82.0
2UQ,11,9.0
2UQ,12,34.0
30Q,7,76.0
30Q,8,64.0
30Q,11,4.0
34Q,1,9.0
34Q,2,42.0
34Q,4,20.0
34Q,5,2.0
34Q,6,2.0
34Q,7,14.0
34Q,9,1.0
34Q,12,16.0
36Q,1,8.0
36Q,4,6.0
36Q,11,7384.0
36Q,12,7181.0
37Q,6,397.0
37Q,7,207.0
38Q,1,4481.0
38Q,2,3724.0
38Q,3,4150.0
38Q,4,3856.0
38Q,5,4143.0
38Q,6,4507.0
38Q,7,3121.0
38Q,8,4600.0
38Q,9,3506.0
38Q,10,4499.0
38Q,11,3598.0
38Q,12,3943.0
3AQ,1,548.0
3AQ,2,380.0
3AQ,3,384.0
3AQ,5,479.0
3AQ,6,350.0
3AQ,7,215.0
3AQ,8,503.0
3AQ,10,457.0
3AQ,11,368.0
3AQ,12,306.0
3BQ,8,100.0
3BQ,11,454.0
3BQ,12,288.0
3DQ,7,2204.0
3DQ,8,2472.0
3DQ,9,1785.0
3DQ,10,1722.0
3DQ,11,1618.0
3DQ,12,1353.0
3E,1,6759.0
3E,2,5121.0
3E,3,6532.0
3E,4,6157.0
3E,5,6857.0
3E,6,6907.0
3E,7,7508.0
3E,8,7263.0
3E,9,6359.0
3E,10,6804.0
3E,11,6338.0
3E,12,6355.0
3F,1,237.0
3F,2,301.0
3F,3,427.0
3F,4,623.0
3F,5,965.0
3F,6,2060.0
3F,7,4029.0
3F,8,3632.0
3F,9,1414.0
3F,10,257.0
3F,11,237.0
3F,12,134.0
3M,1,55667.0
3M,2,60995.0
3M,3,79523.0
3M,4,71750.0
3M,5,69679.0
3M,6,73440.0
3M,7,76621.0
3M,8,61155.0
3M,9,44093.0
3M,10,51488.0
3M,11,45186.0
3M,12,48639.0
3S,1,0.0
3S,2,0.0
3S,3,0.0
3S,4,0.0
3S,5,0.0
3S,6,0.0
3S,7,0.0
3S,8,0.0
3S,9,0.0
3S,10,0.0
3S,11,0.0
3S,12,0.0
3SD,1,1253.0
3SD,2,1335.0
3SD,3,1734.0
3SD,4,1597.0
3SD,5,1273.0
3SD,6,1011.0
3SD,7,1509.0
3SD,8,1253.0
3SD,9,656.0
3SD,10,1101.0
3SD,11,1330.0
3SD,12,1325.0
3U,1,22196.0
3U,2,22025.0
3U,3,21517.0
3U,4,21708.0
3U,5,23938.0
3U,6,24968.0
3U,7,26054.0
3U,8,25608.0
3U,9,21212.0
3U,10,16165.0
3U,11,6858.0
3U,12,21858.0
4B,1,15093.0
4B,2,13116.0
4B,3,16283.0
4B,4,15483.0
4B,5,17124.0
4B,6,16811.0
4B,7,16361.0
4B,8,16501.0
4B,9,15564.0
4B,10,16571.0
4B,11,15729.0
4B,12,16035.0
4C,1,8344.0
4C,2,7003.0
4C,3,7999.0
4C,4,6389.0
4C,5,8097.0
4C,6,8645.0
4C,7,9899.0
4C,8,8542.0
4C,9,7834.0
4C,10,7286.0
4C,11,8320.0
4C,12,9349.0
4M,1,16933.0
4M,2,15889.0
4M,3,19620.0
4M,4,17234.0
4M,5,17235.0
4M,6,13102.0
4M,7,12280.0
4M,8,11829.0
4M,9,11279.0
4M,10,12031.0
4M,11,11668.0
4M,12,12670.0
4O,1,161390.0
4O,2,121572.0
4O,3,176704.0
4O,4,167087.0
4O,5,178106.0
4O,6,175998.0
4O,7,213784.0
4O,8,196349.0
4O,9,153968.0
4O,10,157861.0
4O,11,178876.0
4O,12,220273.0
4W,1,1835.0
4W,2,2170.0
4W,3,2419.0
4W,4,1616.0
4W,5,2569.0
4W,6,2970.0
4W,7,3504.0
4W,8,3387.0
4W,9,2967.0
4W,10,1267.0
4W,11,1094.0
4W,12,1169.0
5C,1,0.0
5C,2,0.0
5C,3,0.0
5C,4,0.0
5C,5,0.0
5C,6,0.0
5C,8,0.0
5C,9,0.0
5C,10,0.0
5D,1,68280.0
5D,2,53660.0
5D,3,70610.0
5D,4,63904.0
5D,5,61778.0
5D,6,69472.0
5D,7,84942.0
5D,8,72387.0
5D,9,51090.0
5D,10,62605.0
5D,11,66344.0
5D,12,73234.0
5J,1,6434.0
5J,2,5758.0
5J,3,7038.0
5J,4,7108.0
5J,5,8310.0
5J,6,8144.0
5J,7,6.0
5J,8,6872.0
5J,9,4.0
5J,10,4.0
5J,11,4.0
5J,12,4.0
5V,1,195.0
5V,2,202.0
5V,3,335.0
5V,4,184.0
5V,5,353.0
5V,6,309.0
5V,7,402.0
5V,8,575.0
5V,9,459.0
5V,10,485.0
5V,11,181.0
5V,12,312.0
5X,1,0.0
5X,2,0.0
5X,3,0.0
5X,4,0.0
5X,5,0.0
5X,6,0.0
5X,7,0.0
5X,8,0.0
5X,9,0.0
5X,10,0.0
5X,11,0.0
5X,12,0.0
5Y,1,2498.0
5Y,2,1002.0
5Y,3,697.0
5Y,4,463.0
5Y,5,209.0
5Y,6,419.0
5Y,7,288.0
5Y,8,2999.0
5Y,9,1293.0
5Y,10,1938.0
5Y,11,2079.0
5Y,12,5408.0
6R,1,0.0
6R,2,0.0
6R,3,0.0
6R,4,0.0
6R,5,0.0
6R,6,0.0
6R,7,0.0
6R,8,0.0
6R,9,0.0
6R,10,0.0
6R,11,0.0
6R,12,0.0
7C,1,76128.0
7C,2,67253.0
7C,3,60869.0
7C,4,65926.0
7C,5,67597.0
7C,6,71826.0
7C,7,73051.0
7C,8,80084.0
7C,10,55655.0
7C,11,37649.0
7C,12,53846.0
7H,1,29540.0
7H,2,26701.0
7H,3,32439.0
7H,4,31128.0
7H,5,36756.0
7H,6,39785.0
7H,7,43979.0
7H,8,45623.0
7H,9,35055.0
7H,10,32916.0
7H,11,28123.0
7H,12,28046.0
7L,1,0.0
7L,2,0.0
7L,3,0.0
7L,4,0.0
7L,5,0.0
7L,6,0.0
7L,7,0.0
7L,8,0.0
7L,9,0.0
7L,10,0.0
7L,11,0.0
7L,12,0.0
7S,1,94.0
7S,2,40.0
7S,3,154.0
7S,4,121.0
7S,5,415.0
7S,6,352.0
7S,7,322.0
7S,8,354.0
7S,9,349.0
7S,10,346.0
7S,11,142.0
7S,12,56.0
8C,1,0.0
8C,2,0.0
8C,3,0.0
8C,4,0.0
8C,5,0.0
8C,6,0.0
8C,7,0.0
8C,8,0.0
8C,9,0.0
8C,10,49.0
8C,11,0.0
8C,12,0.0
8E,1,9641.0
8E,2,6734.0
8E,3,9751.0
8E,4,10086.0
8E,5,9423.0
8E,6,6409.0
8E,7,8535.0
8E,8,11542.0
8E,9,11725.0
8E,10,14284.0
8E,11,11777.0
8E,12,7715.0
8R,1,2873.0
8R,2,2107.0
8R,3,2840.0
8R,4,11495.0
8R,5,10119.0
8R,6,20104.0
8R,7,22443.0
8R,8,23667.0
8R,9,12474.0
8R,10,21968.0
8R,11,3717.0
8R,12,2629.0
8V,1,4688.0
8V,2,4573.0
8V,3,6195.0
8V,4,5835.0
8V,5,6484.0
8V,6,7131.0
8V,7,5184.0
8V,8,8061.0
8V,9,5846.0
8V,10,5267.0
8V,11,5752.0
8V,12,5889.0
9E,1,820155.0
9E,2,859898.0
9E,3,1125829.0
9E,4,1175620.0
9E,5,1244324.0
9E,6,1347600.0
9E,7,1288705.0
9E,8,1319185.0
9E,9,1088382.0
9E,10,1218889.0
9E,11,1143228.0
9E,12,1184248.0
9K,1,39844.0
9K,2,39224.0
9K,3,47746.0
9K,4,46917.0
9K,5,54470.0
9K,6,47924.0
9K,7,53833.0
9K,8,56088.0
9K,9,45985.0
9K,10,40571.0
9K,11,35040.0
9K,12,33513.0
9S,1,0.0
9S,2,0.0
9S,3,0.0
9S,4,0.0
9S,5,0.0
9S,6,0.0
9S,7,0.0
9S,9,0.0
9S,10,0.0
9S,11,0.0
9S,12,0.0
9V,1,12662.0
9V,2,8484.0
9V,3,8027.0
9V,4,7488.0
9V,5,7435.0
9V,6,8657.0
9V,7,10945.0
9V,8,11154.0
9V,9,10617.0
9V,10,7694.0
9V,11,8729.0
9V,12,9877.0
9X,1,5661.0
9X,2,5129.0
9X,3,7065.0
9X,4,7348.0
9X,5,8096.0
9X,6,8396.0
9X,7,9751.0
9X,8,9649.0
9X,9,8594.0
9X,10,9575.0
9X,11,8467.0
9X,12,8325.0
A0,1,8511.0
A0,2,6769.0
A0,3,10555.0
A0,4,8794.0
A0,5,7862.0
A0,6,8527.0
A0,7,7092.0
A0,8,6232.0
A0,9,234.0
AA,1,11573084.0
AA,2,10984324.0
AA,3,13234973.0
AA,4,12614697.0
AA,5,13315037.0
AA,6,13857591.0
AA,7,14283773.0
AA,8,13756812.0
AA,9,11472905.0
AA,10,12909910.0
AA,11,12268678.0
AA,12,12517915.0
AAT,1,966.0
AAT,2,942.0
AAT,3,1131.0
AAT,4,1067.0
AAT,5,1179.0
AAT,6,1019.0
AAT,7,1207.0
AAT,8,1547.0
AAT,9,742.0
AAT,10,939.0
AAT,11,1156.0
AAT,12,1704.0
ABX,1,0.0
ABX,2,0.0
ABX,3,0.0
ABX,4,0.0
ABX,5,0.0
ABX,6,0.0
ABX,7,0.0
ABX,8,0.0
ABX,9,0.0
ABX,10,0.0
ABX,11,0.0
ABX,12,0.0
AC,1,360461.0
AC,2,379600.0
AC,3,448744.0
AC,4,406711.0
AC,5,401489.0
AC,6,480513.0
AC,7,538036.0
AC,8,540600.0
AC,9,448763.0
AC,10,420263.0
AC,11,398885.0
AC,12,445528.0
AD,1,68230.0
AD,2,51201.0
AD,3,52423.0
AD,4,54832.0
AD,5,60441.0
AD,6,57634.0
AD,7,62946.0
AD,8,54415.0
AD,9,45603.0
AD,10,44372.0
AD,11,41405.0
AD,12,67363.0
ADB,1,0.0
ADB,2,0.0
ADB,3,0.0
ADB,4,0.0
ADB,5,0.0
ADB,6,0.0
ADB,7,0.0
ADB,8,0.0
ADB,9,0.0
ADB,10,0.0
ADB,11,0.0
ADB,12,0.0
AF,1,239096.0
AF,2,204088.0
AF,3,272546.0
AF,4,286023.0
AF,5,342823.0
AF,6,390348.0
AF,7,423783.0
AF,8,435782.0
AF,9,362640.0
AF,10,343047.0
AF,11,273482.0
AF,12,276083.0
AI,1,81426.0
AI,2,69541.0
AI,3,79341.0
AI,4,73275.0
AI,5,80708.0
AI,6,83004.0
AI,7,88598.0
AI,8,85480.0
AI,9,68263.0
AI,10,76261.0
AI,11,77309.0
AI,12,78970.0
AJQ,1,6870.0
AJQ,2,6895.0
AJQ,3,7012.0
AJQ,4,5370.0
AJQ,5,6825.0
AJQ,6,6714.0
AJQ,7,7924.0
AJQ,8,7185.0
AJQ,9,5748.0
AJQ,10,6310.0
AJQ,11,8283.0
AM,1,273518.0
AM,2,199511.0
AM,3,242579.0
AM,4,236850.0
AM,5,246210.0
AM,6,273464.0
AM,7,312777.0
AM,8,289445.0
AM,9,218250.0
AM,10,230911.0
AM,11,244074.0
AM,12,281379.0
AMQ,1,967.0
AMQ,2,1224.0
AMQ,3,1071.0
AMQ,4,331.0
AMQ,5,940.0
AMQ,6,777.0
AMQ,7,187.0
AMQ,8,139.0
AMQ,9,0.0
AMQ,10,168.0
AMQ,11,276.0
AMQ,12,456.0
AN,5,989.0
AN,7,2256.0
AN,8,2414.0
AN,9,1876.0
AN,10,2141.0
AR,1,41958.0
AR,2,38648.0
AR,3,41841.0
AR,4,38347.0
AR,5,38761.0
AR,6,37346.0
AR,7,40454.0
AR,8,37561.0
AR,9,36207.0
AR,10,33834.0
AR,11,30312.0
AR,12,34716.0
AS,1,1991185.0
AS,2,1943444.0
AS,3,2341416.0
AS,4,3078207.0
AS,5,3219468.0
AS,6,3331060.0
AS,7,3473101.0
AS,8,3327854.0
AS,9,2803880.0
AS,10,2937143.0
AS,11,2857150.0
AS,12,2840324.0
AT,1,17044.0
AT,2,11802.0
AT,3,20089.0
AT,4,19155.0
AT,5,17383.0
AT,6,24701.0
AT,7,38281.0
AT,8,34038.0
AT,9,24020.0
AT,10,17234.0
AT,11,13323.0
AT,12,18619.0
AV,1,136614.0
AV,2,112189.0
AV,3,134151.0
AV,4,126544.0
AV,5,134122.0
AV,6,143640.0
AV,7,156979.0
AV,8,157972.0
AV,9,144907.0
AV,10,144368.0
AV,11,153966.0
AV,12,165716.0
AX,1,269394.0
AX,2,257127.0
AX,3,289577.0
AX,4,311479.0
AX,5,324928.0
AX,6,327826.0
AX,7,322411.0
AX,8,318157.0
AX,9,273712.0
AX,10,267272.0
AX,11,244120.0
AX,12,268795.0
AY,1,17352.0
AY,2,14655.0
AY,3,19902.0
AY,4,19045.0
AY,5,34980.0
AY,6,38379.0
AY,7,40459.0
AY,8,37911.0
AY,9,31309.0
AY,10,30060.0
AY,11,23798.0
AY,12,21886.0
AZ,1,53183.0
AZ,2,43104.0
AZ,3,71885.0
AZ,4,90866.0
AZ,5,101051.0
AZ,6,117989.0
AZ,7,122600.0
AZ,8,123612.0
AZ,9,112275.0
AZ,10,96249.0
AZ,11,71060.0
AZ,12,66610.0
B0,1,4542.0
B0,2,3521.0
B0,3,4975.0
B0,4,5952.0
B0,5,5473.0
B0,6,6463.0
B0,7,5710.0
B0,8,4576.0
B0,9,6074.0
B0,10,6379.0
B0,11,5128.0
B0,12,5097.0
B6,1,3189521.0
B6,2,3106666.0
B6,3,3692649.0
B6,4,3643614.0
B6,5,3678768.0
B6,6,3720368.0
B6,7,3985117.0
B6,8,3954588.0
B6,9,3231264.0
B6,10,3405740.0
B6,11,3421201.0
B6,12,3579497.0
BA,1,968084.0
BA,2,834446.0
BA,3,1107350.0
BA,4,1197270.0
BA,5,1303892.0
BA,6,1355441.0
BA,7,1376660.0
BA,8,1322498.0
BA,9,1227124.0
BA,10,1307851.0
BA,11,1091166.0
BA,12,1092903.0
BCQ,2,1707.0
BCQ,3,1976.0
BCQ,4,415.0
BCQ,5,186.0
BCQ,7,250.0
BF,5,6921.0
BF,6,13897.0
BF,7,16977.0
BF,8,18828.0
BF,9,16306.0
BF,10,16811.0
BF,11,12175.0
BF,12,15694.0
BR,1,176476.0
BR,2,149802.0
BR,3,168579.0
BR,4,157465.0
BR,5,165349.0
BR,6,170315.0
BR,7,174850.0
BR,8,179618.0
BR,9,157465.0
BR,10,157465.0
BR,11,161452.0
BR,12,164835.0
BW,1,100768.0
BW,2,90982.0
BW,3,92442.0
BW,4,99135.0
BW,5,90080.0
BW,6,99294.0
BW,7,114586.0
BW,8,134293.0
BW,9,83263.0
BW,10,80128.0
BW,11,98110.0
BW,12,113145.0
BX,1,6152.0
BX,2,5515.0
BX,3,5679.0
BX,4,6729.0
BX,5,7204.0
BX,6,7125.0
BX,7,7407.0
BX,8,7405.0
BX,9,5802.0
BX,10,6567.0
BX,11,5953.0
BX,12,9239.0
BY,3,2946.0
BY,4,16747.0
BY,5,22514.0
BY,6,23934.0
BY,7,25666.0
BY,8,25817.0
BY,9,21688.0
BY,10,21767.0
BY,11,7707.0
C5,1,102373.0
C5,2,103989.0
C5,3,136216.0
C5,4,146826.0
C5,5,153468.0
C5,6,179151.0
C5,7,173706.0
C5,8,179614.0
C5,9,170926.0
C5,10,187990.0
C5,11,170984.0
C5,12,171904.0
C8,1,0.0
C8,2,0.0
C8,3,0.0
C8,4,0.0
C8,5,0.0
C8,6,0.0
C8,7,0.0
C8,8,0.0
C8,9,0.0
C8,10,0.0
C8,11,0.0
C8,12,0.0
CA,1,129482.0
CA,2,111379.0
CA,3,130989.0
CA,4,140300.0
CA,5,150719.0
CA,6,140988.0
CA,7,150653.0
CA,8,158359.0
CA,9,140978.0
CA,10,139874.0
CA,11,130701.0
CA,12,138757.0
CAZ,1,19.0
CAZ,2,10.0
CAZ,3,6.0
CAZ,4,10.0
CAZ,5,23.0
CAZ,6,26.0
CAZ,7,22.0
CAZ,8,17.0
CAZ,9,11.0
CAZ,10,19.0
CAZ,11,25.0
CAZ,12,23.0
CC,1,0.0
CC,2,0.0
CC,3,0.0
CC,4,0.0
CC,5,0.0
CC,6,0.0
CC,7,0.0
CC,8,0.0
CC,9,0.0
CC,10,0.0
CC,11,0.0
CC,12,0.0
CH,1,0.0
CH,2,0.0
CH,3,0.0
CH,4,0.0
CH,5,0.0
CH,6,0.0
CH,7,0.0
CH,8,0.0
CH,9,0.0
CH,10,0.0
CH,11,0.0
CH,12,0.0
CI,1,78676.0
CI,2,70341.0
CI,3,73508.0
CI,4,66625.0
CI,5,68286.0
CI,6,71795.0
CI,7,74896.0
CI,8,74878.0
CI,9,63052.0
CI,10,68279.0
CI,11,69513.0
CI,12,70354.0
CK,1,0.0
CK,2,0.0
CK,3,0.0
CK,4,0.0
CK,5,0.0
CK,6,0.0
CK,7,0.0
CK,8,0.0
CK,9,0.0
CK,10,0.0
CK,11,0.0
CK,12,0.0
CM,1,232036.0
CM,2,210179.0
CM,3,238346.0
CM,4,224343.0
CM,5,240086.0
CM,6,256760.0
CM,7,284629.0
CM,8,266849.0
CM,9,228452.0
CM,10,228436.0
CM,11,233203.0
CM,12,263721.0
CP,1,485291.0
CP,2,463917.0
CP,3,578781.0
CP,4,544856.0
CP,5,572431.0
CP,6,574762.0
CP,7,608140.0
CP,8,620848.0
CP,9,539538.0
CP,10,566328.0
CP,11,550437.0
CP,12,563691.0
CRV,1,12.0
CRV,2,10.0
CRV,3,9.0
CRV,4,8.0
CRV,5,14.0
CRV,6,10.0
CRV,7,25.0
CRV,8,13.0
CRV,10,8.0
CRV,11,10.0
CRV,12,7.0
CV,1,0.0
CV,2,0.0
CV,3,0.0
CV,4,0.0
CV,5,0.0
CV,6,0.0
CV,7,0.0
CV,8,0.0
CV,9,0.0
CV,10,0.0
CV,11,0.0
CV,12,0.0
CX,1,190495.0
CX,2,158335.0
CX,3,186948.0
CX,4,178812.0
CX,5,201192.0
CX,6,192163.0
CX,7,205913.0
CX,8,200854.0
CX,9,159615.0
CX,10,186511.0
CX,11,186726.0
CX,12,191252.0
CZ,1,77770.0
CZ,2,65352.0
CZ,3,77486.0
CZ,4,77403.0
CZ,5,82130.0
CZ,6,87569.0
CZ,7,94225.0
CZ,8,96935.0
CZ,9,81307.0
CZ,10,91077.0
CZ,11,77715.0
CZ,12,88915.0
D7,1,10277.0
D7,2,10102.0
D7,3,12177.0
D7,4,9252.0
D7,5,10021.0
D7,6,11827.0
D7,7,9412.0
D7,8,15098.0
D7,9,7788.0
D7,10,15450.0
D7,11,15578.0
D7,12,14343.0
D8,1,43740.0
D8,2,44979.0
D8,3,54165.0
D8,4,38983.0
D8,5,48352.0
D8,6,54698.0
D8,7,56229.0
D8,8,60690.0
D8,9,47908.0
D8,10,46714.0
D8,11,55320.0
D8,12,58131.0
DE,1,8786.0
DE,2,8505.0
DE,3,11065.0
DE,4,11175.0
DE,5,29606.0
DE,6,58875.0
DE,7,77980.0
DE,8,79052.0
DE,9,50583.0
DE,10,17318.0
DE,11,14033.0
DE,12,14178.0
DHQ,1,0.0
DHQ,2,0.0
DHQ,3,0.0
DHQ,4,0.0
DHQ,5,0.0
DHQ,6,0.0
DHQ,7,0.0
DHQ,8,0.0
DHQ,9,0.0
DHQ,10,0.0
DHQ,11,0.0
DHQ,12,0.0
DI,3,29620.0
DI,4,143205.0
DI,5,158581.0
DI,6,166246.0
DI,7,170216.0
DI,8,169125.0
DI,9,162870.0
DI,10,160391.0
DI,11,141235.0
DI,12,142695.0
DL,1,10651080.0
DL,2,10379281.0
DL,3,13268182.0
DL,4,12698109.0
DL,5,13456414.0
DL,6,14137061.0
DL,7,14784063.0
DL,8,14718625.0
DL,9,12245635.0
DL,10,13223767.0
DL,11,12357311.0
DL,12,12087453.0
DY,1,260982.0
DY,2,243085.0
DY,3,281335.0
DY,4,207186.0
DY,5,236407.0
DY,6,246540.0
DY,7,268381.0
DY,8,276644.0
DY,9,259951.0
DY,10,251089.0
DY,11,201862.0
DY,12,206151.0
E7,1,0.0
E7,2,0.0
E7,3,0.0
E7,4,0.0
E7,5,0.0
E7,6,0.0
E7,7,0.0
E7,8,0.0
E7,9,0.0
E7,10,0.0
E7,11,0.0
E7,12,0.0
EI,1,107156.0
EI,2,88279.0
EI,3,163249.0
EI,4,170221.0
EI,5,200280.0
EI,6,232192.0
EI,7,227149.0
EI,8,231373.0
EI,9,212542.0
EI,10,200584.0
EI,11,185256.0
EI,12,176401.0
EK,1,304169.0
EK,2,231508.0
EK,3,295538.0
EK,4,275648.0
EK,5,293847.0
EK,6,322302.0
EK,7,354629.0
EK,8,322935.0
EK,9,294283.0
EK,10,260057.0
EK,11,257528.0
EK,12,305513.0
ELL,1,5.0
ELL,2,3.0
ELL,3,2.0
ELL,4,7.0
ELL,5,25.0
ELL,6,54.0
ELL,7,80.0
ELL,8,94.0
ELL,9,44.0
ELL,10,8.0
ELL,11,4.0
ELL,12,0.0
EM,1,19606.0
EM,2,16961.0
EM,3,19627.0
EM,4,16839.0
EM,5,17555.0
EM,6,16769.0
EM,7,19491.0
EM,8,15963.0
EM,9,16037.0
EM,11,17330.0
EM,12,17055.0
EQ,1,13343.0
EQ,2,14412.0
EQ,3,19219.0
EQ,4,16893.0
EQ,5,17892.0
EQ,6,16707.0
EQ,7,19077.0
EQ,8,20240.0
EQ,9,16242.0
EQ,10,15367.0
EQ,11,15124.0
EQ,12,15937.0
ET,1,32508.0
ET,2,19880.0
ET,3,25901.0
ET,4,26632.0
ET,5,29488.0
ET,6,35296.0
ET,7,44130.0
ET,8,46342.0
ET,9,36575.0
ET,10,30439.0
ET,11,26450.0
ET,12,37849.0
EV,1,830237.0
EV,2,778430.0
EV,3,921968.0
EV,4,818501.0
EV,5,814062.0
EV,6,851490.0
EV,7,827195.0
EV,8,808943.0
EV,9,686140.0
EV,10,709344.0
EV,11,641670.0
EV,12,606600.0
EW,1,3279.0
EW,2,2290.0
EW,3,3078.0
EW,4,4027.0
EW,5,25616.0
EW,6,29057.0
EW,7,33019.0
EW,8,36016.0
EW,9,28602.0
EW,10,30578.0
EW,11,16591.0
EW,12,32790.0
EY,1,101646.0
EY,2,75782.0
EY,3,90694.0
EY,4,78950.0
EY,5,90989.0
EY,6,90895.0
EY,7,104535.0
EY,8,100877.0
EY,9,69449.0
EY,10,46679.0
EY,11,48690.0
EY,12,57385.0
F9,1,1528394.0
F9,2,1428296.0
F9,3,1617364.0
F9,4,1579202.0
F9,5,1746451.0
F9,6,1767409.0
F9,7,1837157.0
F9,8,1796275.0
F9,9,1611253.0
F9,10,1728214.0
F9,11,1614919.0
F9,12,1677327.0
FI,1,70969.0
FI,2,56968.0
FI,3,87950.0
FI,4,83998.0
FI,5,122719.0
FI,6,164154.0
FI,7,172144.0
FI,8,177183.0
FI,9,144955.0
FI,10,120679.0
FI,11,101695.0
FI,12,86162.0
FJ,1,21375.0
FJ,2,15288.0
FJ,3,17210.0
FJ,4,16701.0
FJ,5,18605.0
FJ,6,21580.0
FJ,7,24326.0
FJ,8,21641.0
FJ,9,18097.0
FJ,10,18405.0
FJ,11,16557.0
FJ,12,21062.0
FP,1,3.0
FP,3,3.0
FP,5,11.0
FP,6,8.0
FP,11,2.0
FX,1,0.0
FX,2,0.0
FX,3,0.0
FX,4,0.0
FX,5,0.0
FX,6,0.0
FX,7,0.0
FX,8,0.0
FX,9,0.0
FX,10,0.0
FX,11,0.0
FX,12,0.0
FYQ,1,11.0
FYQ,6,10.0
FYQ,7,4.0
FYQ,12,9.0
G3,2,0.0
G3,6,0.0
G3,8,0.0
G3,9,0.0
G3,10,0.0
G3,11,20441.0
G3,12,29148.0
G4,1,947467.0
G4,2,1010043.0
G4,3,1379775.0
G4,4,1175156.0
G4,5,1154944.0
G4,6,1414036.0
G4,7,1536866.0
G4,8,1193640.0
G4,9,814177.0
G4,10,1094420.0
G4,11,1099595.0
G4,12,1084505.0
G7,1,408883.0
G7,2,372244.0
G7,3,454543.0
G7,4,423860.0
G7,5,457989.0
G7,6,480216.0
G7,7,491328.0
G7,8,496497.0
G7,9,420746.0
G7,10,453124.0
G7,11,413176.0
G7,12,415788.0
GCH,1,0.0
GCH,2,0.0
GCH,3,0.0
GCH,4,0.0
GCH,5,372.0
GCH,6,0.0
GCH,7,0.0
GCH,8,0.0
GCH,9,0.0
GCH,10,0.0
GCH,12,0.0
GCQ,6,21.0
GCQ,7,79.0
GCQ,8,29.0
GCQ,9,8.0
GCQ,10,8.0
GCQ,11,11.0
GCQ,12,19.0
GFQ,1,0.0
GFQ,2,0.0
GFQ,3,0.0
GFQ,4,0.0
GFQ,5,0.0
GFQ,6,0.0
GFQ,7,0.0
GFQ,8,0.0
GFQ,9,0.0
GFQ,10,0.0
GFQ,11,0.0
GFQ,12,0.0
GL,1,8425.0
GL,2,13236.0
GL,3,20384.0
GL,4,12233.0
GL,5,10879.0
GL,6,9431.0
GL,7,9640.0
GL,8,8808.0
GL,9,5084.0
GL,10,6764.0
GL,11,10791.0
GL,12,14397.0
GU,11,7384.0
GU,12,7181.0
GV,1,8898.0
GV,2,7709.0
GV,3,9449.0
GV,4,10302.0
GV,5,12301.0
GV,6,12447.0
GV,7,13092.0
GV,8,11207.0
GV,9,9974.0
GV,10,13039.0
GV,11,10883.0
GV,12,10047.0
H6,1,24169.0
H6,2,19189.0
H6,3,21710.0
H6,4,26559.0
H6,5,29226.0
H6,6,25683.0
H6,7,23906.0
H6,8,26636.0
H6,9,23215.0
H6,10,27363.0
H6,11,20946.0
H6,12,20191.0
HA,1,954094.0
HA,2,883597.0
HA,3,1000061.0
HA,4,944592.0
HA,5,993861.0
HA,6,1028971.0
HA,7,1080633.0
HA,8,1006666.0
HA,9,902898.0
HA,10,955592.0
HA,11,921572.0
HA,12,964991.0
HBQ,1,460.0
HBQ,2,330.0
HBQ,3,327.0
HBQ,4,421.0
HBQ,5,716.0
HBQ,6,762.0
HBQ,7,1008.0
HBQ,8,939.0
HBQ,9,861.0
HBQ,10,623.0
HBQ,11,568.0
HBQ,12,552.0
HU,1,54909.0
HU,2,59005.0
HU,3,70329.0
HU,4,74675.0
HU,5,85399.0
HU,6,86913.0
HU,7,77249.0
HU,8,95232.0
HU,9,77133.0
HU,10,74236.0
HU,11,56650.0
HU,12,65974.0
HX,1,15387.0
HX,2,31250.0
HX,3,41688.0
HX,4,54350.0
HX,5,60340.0
HX,6,60364.0
HX,7,67914.0
HX,8,68808.0
HX,9,58188.0
HX,10,56864.0
HX,11,51442.0
HX,12,61442.0
HY,1,1426.0
HY,2,1129.0
HY,3,1537.0
HY,4,2281.0
HY,5,3852.0
HY,6,4125.0
HY,7,5693.0
HY,8,5232.0
HY,9,4631.0
HY,10,3134.0
HY,11,3313.0
HY,12,3769.0
I4,1,1072.0
I4,2,1236.0
I4,3,1323.0
I4,4,1464.0
I4,5,1840.0
I4,6,3107.0
I4,7,4138.0
I4,8,4220.0
I4,9,2619.0
I4,10,2035.0
I4,11,2198.0
I4,12,1480.0
IB,1,60248.0
IB,2,48151.0
IB,3,97837.0
IB,4,116989.0
IB,5,132962.0
IB,6,149367.0
IB,7,153945.0
IB,8,153932.0
IB,9,142567.0
IB,10,129843.0
IB,11,100005.0
IB,12,96305.0
IG,6,13091.0
IG,7,22199.0
IG,8,22874.0
IG,9,19195.0
IG,10,17538.0
IG,11,11376.0
IG,12,15121.0
J2,1,2363.0
J2,2,1203.0
J2,3,1971.0
J2,4,2264.0
J2,5,1567.0
J2,6,2847.0
J2,7,3429.0
J2,8,3095.0
J2,9,2565.0
J2,10,1648.0
J2,11,1203.0
J2,12,1739.0
J5,1,3087.0
J5,2,2198.0
J5,3,4250.0
J5,4,6110.0
J5,5,7913.0
J5,6,9258.0
J5,7,11611.0
J5,8,9785.0
J5,9,7186.0
J5,10,4393.0
J5,11,3312.0
J5,12,2468.0
JD,1,3397.0
JD,2,3961.0
JD,3,4494.0
JD,4,4507.0
JD,5,4458.0
JD,6,3990.0
JD,7,3931.0
JD,8,4442.0
JD,9,3869.0
JD,10,2603.0
JD,11,283.0
JD,12,3552.0
JJ,1,131331.0
JJ,2,105036.0
JJ,3,96298.0
JJ,4,89105.0
JJ,5,93945.0
JJ,6,92279.0
JJ,7,115783.0
JJ,8,102279.0
JJ,9,104237.0
JJ,10,99566.0
JJ,11,105729.0
JJ,12,121252.0
JL,1,165970.0
JL,2,164860.0
JL,3,198146.0
JL,4,176481.0
JL,5,202265.0
JL,6,219977.0
JL,7,208478.0
JL,8,223487.0
JL,9,204959.0
JL,10,208987.0
JL,11,201136.0
JL,12,191679.0
JQ,1,26094.0
JQ,2,18186.0
JQ,3,19324.0
JQ,4,21174.0
JQ,5,25688.0
JQ,6,25350.0
JQ,7,24592.0
JQ,8,21140.0
JQ,9,25205.0
JQ,10,22738.0
JQ,11,17232.0
JQ,12,20983.0
JU,1,5270.0
JU,2,2660.0
JU,3,4399.0
JU,4,5089.0
JU,5,5195.0
JU,6,9415.0
JU,7,11058.0
JU,8,11992.0
JU,9,9222.0
JU,10,6629.0
JU,11,3800.0
JU,12,5112.0
K2,1,2032.0
K2,2,1435.0
K2,3,2442.0
K2,4,2146.0
K2,5,1700.0
K2,6,1531.0
K2,7,3366.0
K2,8,3838.0
K2,9,3589.0
K2,10,4887.0
K2,12,2946.0
K3,1,288.0
K3,2,308.0
K3,3,377.0
K3,4,301.0
K3,6,3906.0
K3,7,8364.0
K3,8,8773.0
K3,9,6472.0
K3,10,440.0
K3,11,296.0
K3,12,256.0
KAH,1,2175.0
KAH,2,2419.0
KAH,3,3704.0
KAH,4,4678.0
KAH,5,7212.0
KAH,6,8358.0
KAH,7,10641.0
KAH,8,10062.0
KAH,9,7923.0
KAH,10,4951.0
KAH,11,3288.0
KAH,12,2852.0
KAQ,1,0.0
KAQ,2,0.0
KAQ,3,0.0
KAQ,4,0.0
KAQ,5,0.0
KAQ,6,0.0
KAQ,7,0.0
KAQ,8,0.0
KAQ,9,0.0
KAQ,10,0.0
KAQ,11,0.0
KAQ,12,0.0
KAT,5,76.0
KAT,6,2189.0
KAT,7,9484.0
KAT,8,3050.0
KAT,9,2450.0
KAT,10,66.0
KD,1,0.0
KD,2,0.0
KD,3,0.0
KD,4,0.0
KD,5,0.0
KD,6,0.0
KD,7,0.0
KD,8,0.0
KD,9,0.0
KD,10,0.0
KD,11,0.0
KD,12,0.0
KE,1,255296.0
KE,2,226214.0
KE,3,232050.0
KE,4,230322.0
KE,5,257241.0
KE,6,265571.0
KE,7,271503.0
KE,8,273282.0
KE,9,236213.0
KE,10,254106.0
KE,11,234766.0
KE,12,250023.0
KFQ,11,6.0
KFQ,12,5.0
KH,1,0.0
KH,2,0.0
KH,3,0.0
KH,4,0.0
KH,5,0.0
KH,6,0.0
KH,7,0.0
KH,8,0.0
KH,9,0.0
KH,10,0.0
KH,11,0.0
KH,12,0.0
KL,1,145034.0
KL,2,124403.0
KL,3,159602.0
KL,4,187030.0
KL,5,192367.0
KL,6,200591.0
KL,7,198497.0
KL,8,205337.0
KL,9,187986.0
KL,10,187371.0
KL,11,153797.0
KL,12,158131.0
KLQ,1,0.0
KLQ,2,0.0
KLQ,3,0.0
KLQ,4,0.0
KLQ,5,0.0
KLQ,6,0.0
KLQ,7,0.0
KLQ,8,0.0
KLQ,9,0.0
KLQ,10,0.0
KLQ,11,0.0
KLQ,12,0.0
KO,1,101.0
KO,2,306.0
KO,3,232.0
KO,4,491.0
KO,5,272.0
KO,6,1509.0
KO,7,1045.0
KO,8,951.0
KO,9,729.0
KO,10,318.0
KO,11,469.0
KO,12,365.0
KQ,10,788.0
KQ,11,6002.0
KQ,12,9960.0
KS,1,16532.0
KS,2,11423.0
KS,3,13794.0
KS,4,15847.0
KS,5,18209.0
KS,6,19563.0
KS,7,21177.0
KS,8,18967.0
KS,9,16221.0
KS,10,11669.0
KS,11,10451.0
KS,12,10496.0
KU,1,13814.0
KU,2,10636.0
KU,3,12671.0
KU,4,12133.0
KU,5,15370.0
KU,6,14351.0
KU,7,18438.0
KU,8,18449.0
KU,9,16284.0
KU,10,14386.0
KU,11,13715.0
KU,12,15707.0
KV,1,144670.0
KV,2,140353.0
KV,3,174332.0
KV,4,170493.0
KV,5,209461.0
KV,6,228595.0
KV,7,222525.0
KV,8,223443.0
KV,9,207830.0
KV,10,209643.0
KV,11,177526.0
KV,12,171463.0
KX,1,53175.0
KX,2,27703.0
KX,3,33209.0
KX,4,31638.0
KX,5,27058.0
KX,6,29527.0
KX,7,40527.0
KX,8,43018.0
KX,9,21026.0
KX,10,22329.0
KX,11,25306.0
KX,12,30640.0
KZ,1,0.0
KZ,2,0.0
KZ,3,0.0
KZ,4,0.0
KZ,5,0.0
KZ,6,0.0
KZ,7,0.0
KZ,8,0.0
KZ,9,0.0
KZ,10,0.0
KZ,11,0.0
KZ,12,0.0
L2,1,0.0
L2,2,0.0
L2,3,0.0
L2,4,0.0
L2,5,0.0
L2,6,0.0
L2,7,0.0
L2,8,0.0
L2,9,0.0
L2,10,0.0
L2,11,0.0
L2,12,0.0
L7,1,0.0
L7,2,0.0
L7,3,0.0
L7,4,0.0
L7,5,0.0
L7,6,0.0
L7,7,0.0
L7,8,0.0
L7,9,0.0
L7,10,0.0
L7,11,0.0
L7,12,0.0
LA,1,82146.0
LA,2,74640.0
LA,3,73465.0
LA,4,72309.0
LA,5,80257.0
LA,6,69489.0
LA,7,80559.0
LA,8,79792.0
LA,9,70425.0
LA,10,70871.0
LA,11,67186.0
LA,12,71081.0
LDM,11,2.0
LDQ,11,2.0
LF,1,6563.0
LF,2,8347.0
LF,3,10389.0
LF,4,11725.0
LF,5,13344.0
LF,6,11543.0
LF,7,7439.0
LF,8,8742.0
LF,9,9089.0
LF,10,10565.0
LF,11,10521.0
LF,12,11904.0
LH,1,408995.0
LH,2,338266.0
LH,3,484025.0
LH,4,507861.0
LH,5,554467.0
LH,6,600992.0
LH,7,618746.0
LH,8,612755.0
LH,9,582582.0
LH,10,538489.0
LH,11,446036.0
LH,12,427326.0
LJ,1,33527.0
LJ,2,6098.0
LJ,3,20151.0
LJ,4,18896.0
LJ,5,19399.0
LJ,6,30496.0
LJ,7,45179.0
LJ,8,6577.0
LJ,9,42722.0
LJ,10,43190.0
LJ,11,28855.0
LJ,12,32991.0
LO,1,34617.0
LO,2,25731.0
LO,3,37749.0
LO,4,46929.0
LO,5,64793.0
LO,6,71272.0
LO,7,81161.0
LO,8,82608.0
LO,9,69133.0
LO,10,59161.0
LO,11,42916.0
LO,12,42279.0
LP,1,52399.0
LP,2,49093.0
LP,3,48588.0
LP,4,43728.0
LP,5,48428.0
LP,6,46427.0
LP,7,48188.0
LP,8,47901.0
LP,9,42581.0
LP,10,45235.0
LP,11,44390.0
LP,12,45733.0
LR,1,25278.0
LR,2,23196.0
LR,3,26879.0
LR,4,18917.0
LR,5,15547.0
LR,6,15104.0
LR,7,19059.0
LR,8,30141.0
LR,9,27349.0
LR,10,27681.0
LR,11,27173.0
LR,12,28624.0
LS,1,455.0
LS,10,2016.0
LS,11,3695.0
LS,12,5794.0
LV,9,2924.0
LV,10,7406.0
LV,11,4014.0
LV,12,7177.0
LX,1,108976.0
LX,2,93541.0
LX,3,127466.0
LX,4,136138.0
LX,5,135777.0
LX,6,140720.0
LX,7,155814.0
LX,8,157630.0
LX,9,145517.0
LX,10,146718.0
LX,11,123427.0
LX,12,133650.0
LXQ,6,19.0
LXQ,7,7.0
LXQ,8,6.0
LXQ,9,2.0
LXQ,10,13.0
LXQ,12,6.0
LY,1,63717.0
LY,2,48941.0
LY,3,68825.0
LY,4,64452.0
LY,5,74825.0
LY,6,85049.0
LY,7,79941.0
LY,8,88285.0
LY,9,57005.0
LY,10,77196.0
LY,11,60465.0
LY,12,55659.0
M3,1,0.0
M3,2,0.0
M3,3,0.0
M3,4,0.0
M3,5,0.0
M3,6,0.0
M3,7,0.0
M3,8,0.0
M3,9,0.0
M3,10,0.0
M3,11,0.0
M3,12,0.0
M6,1,0.0
M6,2,0.0
M6,3,0.0
M6,4,0.0
M6,5,0.0
M6,6,0.0
M6,7,0.0
M6,8,0.0
M6,9,0.0
M6,10,0.0
M6,11,0.0
M6,12,0.0
M7,1,0.0
M7,2,0.0
M7,3,0.0
M7,4,0.0
M7,5,0.0
M7,6,0.0
M7,7,0.0
M7,8,0.0
M7,9,0.0
M7,10,0.0
M7,11,0.0
M7,12,0.0
MF,1,21815.0
MF,2,19406.0
MF,3,20939.0
MF,4,19197.0
MF,5,22478.0
MF,6,22502.0
MF,7,23701.0
MF,8,24444.0
MF,9,18435.0
MF,10,20108.0
MF,11,20423.0
MF,12,23027.0
MP,1,0.0
MP,2,0.0
MP,3,0.0
MP,4,0.0
MP,5,0.0
MP,6,0.0
MP,7,0.0
MP,8,0.0
MP,9,0.0
MP,10,0.0
MP,11,0.0
MP,12,0.0
MQ,1,1007785.0
MQ,2,944421.0
MQ,3,1140627.0
MQ,4,1122457.0
MQ,5,1203359.0
MQ,6,1253241.0
MQ,7,1249362.0
MQ,8,1230679.0
MQ,9,1101302.0
MQ,10,1203314.0
MQ,11,1111920.0
MQ,12,1142378.0
MS,1,13998.0
MS,2,9598.0
MS,3,13752.0
MS,4,13883.0
MS,5,14216.0
MS,6,15790.0
MS,7,19474.0
MS,8,18568.0
MS,9,16070.0
MS,10,18017.0
MS,11,18056.0
MS,12,17990.0
MT,1,8276.0
MT,2,7389.0
MT,3,17773.0
MT,4,46530.0
MT,5,71615.0
MT,6,100025.0
MT,7,106894.0
MT,8,101468.0
MT,9,91559.0
MT,10,78352.0
MT,11,23400.0
MT,12,16034.0
MU,1,111519.0
MU,2,99467.0
MU,3,106955.0
MU,4,113942.0
MU,5,120607.0
MU,6,120387.0
MU,7,122413.0
MU,8,127891.0
MU,9,114614.0
MU,10,115104.0
MU,11,105542.0
MU,12,120241.0
MW,1,22538.0
MW,2,21142.0
MW,3,23976.0
MW,4,21187.0
MW,5,22584.0
MW,6,22807.0
MW,7,25589.0
MW,8,19230.0
MW,9,18112.0
MW,10,19955.0
MW,11,20842.0
MW,12,20755.0
N8,1,1650.0
N8,2,188.0
N8,3,228.0
N8,4,3009.0
N8,5,3001.0
N8,7,6601.0
N8,8,0.0
N8,9,1896.0
N8,10,1896.0
N8,11,1406.0
N8,12,1952.0
NC,1,0.0
NC,2,0.0
NC,3,0.0
NC,4,0.0
NC,5,0.0
NC,6,0.0
NC,7,0.0
NC,8,0.0
NC,9,0.0
NC,10,0.0
NC,11,0.0
NC,12,0.0
NEW,1,1102.0
NEW,2,948.0
NEW,3,1258.0
NEW,4,1887.0
NEW,5,2460.0
NEW,6,2947.0
NEW,7,6554.0
NEW,8,6521.0
NEW,9,4147.0
NEW,10,2620.0
NEW,11,2183.0
NEW,12,1754.0
NH,1,162014.0
NH,2,162014.0
NH,3,145417.0
NH,4,142616.0
NH,5,154408.0
NH,6,165349.0
NH,7,167249.0
NH,8,170369.0
NH,9,151262.0
NH,10,147899.0
NH,11,139537.0
NH,12,143235.0
NK,1,2014618.0
NK,2,2017879.0
NK,3,2504603.0
NK,4,2360426.0
NK,5,2522719.0
NK,6,2670787.0
NK,7,2828565.0
NK,8,2792737.0
NK,9,2196156.0
NK,10,2330150.0
NK,11,2442955.0
NK,12,2591785.0
NLQ,1,42.0
NLQ,2,279.0
NLQ,3,94.0
NLQ,4,384.0
NLQ,5,280.0
NLQ,6,63.0
NLQ,7,138.0
NLQ,8,185.0
NLQ,9,114.0
NLQ,10,428.0
NLQ,11,401.0
NLQ,12,72.0
NQ,3,3238.0
NQ,4,10578.0
NQ,5,11439.0
NQ,6,13337.0
NQ,7,12729.0
NQ,8,13957.0
NQ,9,13343.0
NQ,10,12618.0
NQ,11,12580.0
NQ,12,12065.0
NZ,1,111008.0
NZ,2,94885.0
NZ,3,111744.0
NZ,4,112093.0
NZ,5,99963.0
NZ,6,111237.0
NZ,7,122851.0
NZ,8,110545.0
NZ,9,116422.0
NZ,10,114325.0
NZ,11,97447.0
NZ,12,114930.0
O6,1,23150.0
O6,2,23150.0
O6,3,18987.0
O6,4,21064.0
O6,5,24207.0
O6,6,22083.0
O6,7,23664.0
O6,8,20960.0
O6,9,21096.0
O6,10,18476.0
O6,11,19694.0
O6,12,30405.0
OH,1,1017681.0
OH,2,1042402.0
OH,3,1177814.0
OH,4,1177792.0
OH,5,1247664.0
OH,6,1090327.0
OH,7,1229054.0
OH,8,1219651.0
OH,9,988633.0
OH,10,1192758.0
OH,11,1154691.0
OH,12,1102023.0
OJ,1,5615.0
OJ,2,5931.0
OJ,3,7702.0
OJ,4,8166.0
OJ,5,8113.0
OJ,6,8846.0
OJ,7,10370.0
OJ,8,11367.0
OJ,9,9119.0
OJ,10,7442.0
OJ,11,2782.0
OO,1,2869490.0
OO,2,2722414.0
OO,3,3236886.0
OO,4,3141393.0
OO,5,3355016.0
OO,6,3520873.0
OO,7,3687100.0
OO,8,3674786.0
OO,9,3204983.0
OO,10,3479783.0
OO,11,3215626.0
OO,12,3268680.0
OR,1,4557.0
OR,2,4186.0
OR,3,5196.0
OR,4,5135.0
OR,5,5580.0
OR,6,6641.0
OR,7,5482.0
OR,8,5201.0
OR,9,4876.0
OR,10,4613.0
OR,11,4784.0
OR,12,5036.0
OS,1,26349.0
OS,2,18295.0
OS,3,32838.0
OS,4,41716.0
OS,5,35995.0
OS,6,50961.0
OS,7,66128.0
OS,8,62690.0
OS,9,56485.0
OS,10,51396.0
OS,11,28558.0
OS,12,30132.0
OZ,1,144387.0
OZ,2,131341.0
OZ,3,135025.0
OZ,4,138338.0
OZ,5,143846.0
OZ,6,151448.0
OZ,7,158616.0
OZ,8,153528.0
OZ,9,127816.0
OZ,10,129898.0
OZ,11,102025.0
OZ,12,118976.0
P3,1,0.0
P3,2,0.0
P3,3,0.0
P3,4,0.0
P3,5,0.0
P3,6,0.0
P3,7,0.0
P3,9,0.0
P3,10,0.0
P3,11,0.0
P3,12,0.0
PBQ,8,175.0
PD,1,48635.0
PD,2,43564.0
PD,3,63659.0
PD,4,67707.0
PD,5,80910.0
PD,6,90647.0
PD,7,97937.0
PD,8,109142.0
PD,9,79270.0
PD,10,82723.0
PD,11,68537.0
PD,12,70505.0
PEQ,1,0.0
PEQ,2,0.0
PEQ,3,0.0
PEQ,4,0.0
PEQ,5,0.0
PEQ,6,0.0
PEQ,7,0.0
PEQ,8,0.0
PEQ,9,0.0
PEQ,10,0.0
PEQ,11,0.0
PEQ,12,0.0
PF,4,3049.0
PF,5,16228.0
PF,6,28000.0
PF,7,31707.0
PFQ,1,0.0
PFQ,2,0.0
PFQ,3,0.0
PFQ,4,0.0
PFQ,5,0.0
PFQ,6,0.0
PFQ,7,0.0
PFQ,8,0.0
PFQ,9,0.0
PFQ,10,0.0
PFQ,11,0.0
PFQ,12,0.0
PH,1,5642.0
PH,2,3577.0
PH,3,4577.0
PH,4,6044.0
PH,5,6874.0
PH,6,6995.0
PH,7,8362.0
PH,8,7593.0
PH,9,6074.0
PH,10,4882.0
PH,11,6098.0
PH,12,8548.0
PM,1,0.0
PM,9,0.0
PM,12,0.0
PO,1,0.0
PO,2,0.0
PO,3,0.0
PO,4,0.0
PO,5,0.0
PO,6,0.0
PO,7,0.0
PO,8,0.0
PO,9,0.0
PO,10,0.0
PO,11,0.0
PO,12,0.0
PP,1,5.0
PP,4,4.0
PP,8,7.0
PP,10,2.0
PR,1,171554.0
PR,2,148527.0
PR,3,156569.0
PR,4,167121.0
PR,5,183146.0
PR,6,176742.0
PR,7,184975.0
PR,8,161911.0
PR,9,124346.0
PR,10,123994.0
PR,11,147760.0
PR,12,185063.0
PS,1,9086.0
PS,2,8271.0
PS,3,12112.0
PS,4,14373.0
PS,5,16969.0
PS,6,18664.0
PS,7,18141.0
PS,8,19712.0
PS,9,19125.0
PS,10,16654.0
PS,11,11054.0
PS,12,12304.0
PT,1,249937.0
PT,2,242306.0
PT,3,273251.0
PT,4,292627.0
PT,5,309094.0
PT,6,340334.0
PT,7,327285.0
PT,8,348828.0
PT,9,309872.0
PT,10,378273.0
PT,11,353579.0
PT,12,361780.0
PY,1,4819.0
PY,2,4311.0
PY,3,5053.0
PY,4,5386.0
PY,5,4365.0
PY,6,3587.0
PY,7,5406.0
PY,8,5937.0
PY,9,4687.0
PY,10,4272.0
PY,11,4088.0
PY,12,4326.0
Q5,1,35.0
Q5,2,29.0
Q5,3,60.0
Q5,4,71.0
Q5,5,45.0
Q5,6,81.0
Q5,7,94.0
Q5,8,65.0
Q5,9,85.0
Q5,10,71.0
Q5,11,33.0
Q5,12,50.0
Q6,8,10957.0
Q6,9,8639.0
Q6,10,9621.0
Q6,11,12314.0
Q6,12,12771.0
QF,1,146767.0
QF,2,109399.0
QF,3,125926.0
QF,4,134867.0
QF,5,133399.0
QF,6,145366.0
QF,7,144220.0
QF,8,139531.0
QF,9,136869.0
QF,10,135589.0
QF,11,129636.0
QF,12,145822.0
QK,1,107885.0
QK,2,104608.0
QK,3,121847.0
QK,4,113089.0
QK,5,153300.0
QK,6,176545.0
QK,7,192035.0
QK,8,191765.0
QK,9,162256.0
QK,10,155270.0
QK,11,128959.0
QK,12,147317.0
QR,1,181737.0
QR,2,137141.0
QR,3,168595.0
QR,4,143166.0
QR,5,152389.0
QR,6,172587.0
QR,7,189391.0
QR,8,174170.0
QR,9,133246.0
QR,10,124936.0
QR,11,130182.0
QR,12,164099.0
QT,1,0.0
QT,2,0.0
QT,3,0.0
QT,4,0.0
QT,5,0.0
QT,6,0.0
QT,8,0.0
QX,1,534743.0
QX,2,506236.0
QX,3,609575.0
QX,4,597113.0
QX,5,646391.0
QX,6,676965.0
QX,7,683488.0
QX,8,667876.0
QX,9,585556.0
QX,10,604561.0
QX,11,630366.0
QX,12,669341.0
R0,7,93.0
R0,8,216.0
R0,9,256.0
R0,10,253.0
R0,11,219.0
R0,12,118.0
R3,7,368.0
R3,8,675.0
R3,9,142.0
RJ,1,19258.0
RJ,2,12866.0
RJ,3,18623.0
RJ,4,21900.0
RJ,5,20971.0
RJ,6,26980.0
RJ,7,33025.0
RJ,8,34020.0
RJ,9,24503.0
RJ,10,21840.0
RJ,11,16853.0
RJ,12,19764.0
RU,1,0.0
RU,2,0.0
RU,3,0.0
RU,4,0.0
RU,5,0.0
RU,6,0.0
RU,8,0.0
RU,9,0.0
RU,10,0.0
RU,11,0.0
RU,12,0.0
RV,1,339074.0
RV,2,374898.0
RV,3,500602.0
RV,4,366423.0
RV,5,257167.0
RV,6,215081.0
RV,7,254691.0
RV,8,271811.0
RV,9,201059.0
RV,10,248032.0
RV,11,297016.0
RV,12,329036.0
RVQ,1,2.0
RVQ,2,2.0
RVQ,3,6.0
RVQ,4,2.0
RVQ,5,37.0
RVQ,6,50.0
RVQ,7,134.0
RVQ,8,119.0
RVQ,9,30.0
RVQ,10,5.0
RVQ,11,4.0
RVQ,12,2.0
S4,1,6500.0
S4,2,5145.0
S4,3,7276.0
S4,4,8976.0
S4,5,9959.0
S4,6,16053.0
S4,7,22185.0
S4,8,20189.0
S4,9,16755.0
S4,10,9838.0
S4,11,6646.0
S4,12,6514.0
SA,1,23355.0
SA,2,18627.0
SA,3,25981.0
SA,4,22648.0
SA,5,24696.0
SA,6,26420.0
SA,7,29249.0
SA,8,30815.0
SA,9,29855.0
SA,10,27535.0
SA,11,25501.0
SA,12,27757.0
SE,1,2576.0
SE,4,6051.0
SE,5,16480.0
SE,6,29570.0
SE,7,45475.0
SE,8,49071.0
SE,9,23853.0
SE,10,14618.0
SE,11,8986.0
SE,12,10584.0
SEB,1,19187.0
SEB,2,18758.0
SEB,3,22221.0
SEB,4,21201.0
SEB,5,22147.0
SEB,6,21510.0
SEB,7,23381.0
SEB,8,22977.0
SEB,9,13288.0
SEB,10,15681.0
SEB,11,13228.0
SEB,12,13060.0
SK,1,82992.0
SK,2,68017.0
SK,3,103069.0
SK,4,108774.0
SK,5,118699.0
SK,6,133486.0
SK,7,141843.0
SK,8,132510.0
SK,9,122061.0
SK,10,119931.0
SK,11,88310.0
SK,12,89249.0
SN,1,9837.0
SN,2,9511.0
SN,3,17780.0
SN,4,25845.0
SN,5,22953.0
SN,6,28729.0
SN,7,27899.0
SN,8,29740.0
SN,9,24543.0
SN,10,24226.0
SN,11,13635.0
SN,12,11798.0
SNK,1,502.0
SNK,2,287.0
SNK,3,543.0
SNK,4,669.0
SNK,5,929.0
SNK,6,836.0
SNK,7,899.0
SNK,8,911.0
SNK,9,672.0
SNK,12,235.0
SQ,1,73508.0
SQ,2,62814.0
SQ,3,76764.0
SQ,4,75687.0
SQ,5,82111.0
SQ,6,86224.0
SQ,7,89096.0
SQ,8,87369.0
SQ,9,79881.0
SQ,10,85549.0
SQ,11,87897.0
SQ,12,88018.0
SU,1,67879.0
SU,2,50269.0
SU,3,69717.0
SU,4,69359.0
SU,5,76455.0
SU,6,95896.0
SU,7,97092.0
SU,8,94525.0
SU,9,91660.0
SU,10,69389.0
SU,11,58828.0
SU,12,62179.0
SV,1,32291.0
SV,2,19165.0
SV,3,27445.0
SV,4,24814.0
SV,5,30956.0
SV,6,33393.0
SV,7,42020.0
SV,8,43399.0
SV,9,27393.0
SV,10,22630.0
SV,11,23141.0
SV,12,36233.0
SVW,1,16.0
SVW,3,56.0
SVW,4,100.0
SVW,5,6.0
SVW,7,16.0
SVW,8,9.0
SVW,9,11.0
SVW,10,66.0
SVW,11,4.0
SVW,12,17.0
SY,1,245305.0
SY,2,276056.0
SY,3,339529.0
SY,4,255686.0
SY,5,224183.0
SY,6,262842.0
SY,7,292168.0
SY,8,273100.0
SY,9,195364.0
SY,10,253380.0
SY,11,263666.0
SY,12,291372.0
TA,1,98435.0
TA,2,82666.0
TA,3,93852.0
TA,4,90441.0
TA,5,94598.0
TA,6,98933.0
TA,7,108985.0
TA,8,114415.0
TA,9,103304.0
TA,10,105335.0
TA,11,118382.0
TA,12,124028.0
TB,1,4266.0
TB,2,3961.0
TB,3,2669.0
TB,4,4065.0
TB,5,4321.0
TB,7,4476.0
TB,8,4472.0
TK,1,157329.0
TK,2,132565.0
TK,3,167797.0
TK,4,177776.0
TK,5,187943.0
TK,6,189440.0
TK,7,199331.0
TK,8,199313.0
TK,9,186682.0
TK,10,182927.0
TK,11,152892.0
TK,12,159007.0
TN,1,26113.0
TN,2,21615.0
TN,3,28143.0
TN,4,32153.0
TN,5,33721.0
TN,6,35960.0
TN,7,45268.0
TN,8,45402.0
TN,9,34679.0
TN,10,33812.0
TN,11,25656.0
TP,1,53663.0
TP,2,46407.0
TP,3,56653.0
TP,4,61627.0
TP,5,62121.0
TP,6,60216.0
TP,7,62301.0
TP,8,64623.0
TP,9,60365.0
TP,10,63241.0
TP,11,51574.0
TP,12,52742.0
TQQ,1,13822.0
TQQ,2,13088.0
TQQ,3,13832.0
TQQ,4,12127.0
TQQ,5,13718.0
TQQ,6,12327.0
TQQ,7,14252.0
TQQ,8,18406.0
TQQ,9,17180.0
TQQ,10,18525.0
TQQ,11,17676.0
TQQ,12,18005.0
TR,1,7404.0
TR,2,9331.0
TR,3,11237.0
TR,4,7030.0
TR,5,9481.0
TR,6,10567.0
TR,7,9942.0
TR,8,9474.0
TR,9,3156.0
TR,10,7502.0
TR,11,7062.0
TR,12,7859.0
TS,1,19332.0
TS,2,22222.0
TS,3,37994.0
TS,4,30420.0
TS,5,7539.0
TS,6,6835.0
TS,7,8511.0
TS,8,8145.0
TS,10,6337.0
TS,11,15343.0
TS,12,24080.0
U7,1,0.0
U7,2,0.0
U7,3,0.0
U7,4,0.0
U7,5,0.0
U7,6,0.0
U7,7,0.0
U7,8,0.0
U7,9,0.0
U7,10,0.0
U7,11,0.0
U7,12,0.0
UA,1,8048980.0
UA,2,7470023.0
UA,3,9510750.0
UA,4,9395467.0
UA,5,9907784.0
UA,6,10899754.0
UA,7,11566593.0
UA,8,11071179.0
UA,9,9246013.0
UA,10,10014558.0
UA,11,9486517.0
UA,12,9643470.0
UO,1,2932.0
UO,2,2731.0
UO,3,2805.0
UO,4,2946.0
UO,5,2806.0
UO,6,2859.0
UO,7,3028.0
UO,8,3081.0
UO,9,2537.0
UO,10,2453.0
UO,11,558.0
UO,12,2874.0
UP,1,33446.0
UP,2,30477.0
UP,3,41213.0
UP,4,39234.0
UP,5,43091.0
UP,6,49777.0
UP,7,68831.0
UP,8,75473.0
UP,9,28786.0
UP,10,32928.0
UP,11,42470.0
UP,12,49503.0
UX,1,17866.0
UX,2,11650.0
UX,3,22864.0
UX,4,26513.0
UX,5,26917.0
UX,6,31162.0
UX,7,32814.0
UX,8,31122.0
UX,9,26329.0
UX,10,24871.0
UX,11,25632.0
UX,12,27102.0
Unknown,1,6291.0
V8,1,814.0
V8,2,741.0
V8,3,1054.0
V8,4,914.0
V8,5,1003.0
V8,6,1445.0
V8,7,2073.0
V8,8,1933.0
V8,9,1562.0
V8,10,1393.0
V8,11,880.0
V8,12,842.0
VA,1,43058.0
VA,2,26316.0
VA,3,28083.0
VA,4,37311.0
VA,5,31672.0
VA,6,35966.0
VA,7,40535.0
VA,8,36542.0
VA,9,41041.0
VA,10,43413.0
VA,11,39121.0
VA,12,47783.0
VB,1,22834.0
VB,2,18314.0
VB,3,22951.0
VB,4,24323.0
VB,5,24323.0
VB,6,30066.0
VB,7,31362.0
VB,8,27307.0
VB,9,26219.0
VB,10,30964.0
VB,11,36328.0
VB,12,44757.0
VH,1,5881.0
VH,2,1740.0
VH,3,2191.0
VH,4,3056.0
VH,5,2983.0
VH,6,4835.0
VH,7,5982.0
VH,8,4714.0
VH,9,3193.0
VH,10,4004.0
VH,11,4285.0
VH,12,9338.0
VI,1,3718.0
VI,2,4926.0
VI,3,7034.0
VI,4,5756.0
VI,5,6251.0
VI,6,5956.0
VI,7,6967.0
VI,8,6173.0
VI,9,4830.0
VI,10,4981.0
VI,11,5839.0
VI,12,7411.0
VIQ,1,0.0
VIQ,2,0.0
VIQ,3,0.0
VIQ,4,0.0
VIQ,5,0.0
VIQ,6,0.0
VIQ,7,0.0
VIQ,8,0.0
VIQ,9,0.0
VIQ,10,0.0
VIQ,11,0.0
VIQ,12,0.0
VJT,1,3.0
VJT,2,348.0
VJT,3,417.0
VJT,4,415.0
VJT,5,321.0
VJT,6,390.0
VJT,7,343.0
VJT,8,441.0
VJT,9,398.0
VJT,10,385.0
VJT,11,384.0
VJT,12,362.0
VR,1,2458.0
VR,2,1948.0
VR,3,2300.0
VR,4,2652.0
VR,5,2990.0
VR,6,3056.0
VR,7,1764.0
VR,8,4234.0
VR,9,2484.0
VR,10,1626.0
VR,12,2154.0
VS,1,339564.0
VS,2,288192.0
VS,3,458018.0
VS,4,518693.0
VS,5,552806.0
VS,6,607500.0
VS,7,641760.0
VS,8,650689.0
VS,9,558943.0
VS,10,575447.0
VS,11,490564.0
VS,12,492599.0
VW,1,1328.0
VW,2,1029.0
VW,3,1335.0
VW,4,1094.0
VW,5,891.0
VW,6,977.0
VW,7,1386.0
VW,8,1472.0
VW,9,1230.0
VX,1,642646.0
VX,2,621454.0
VX,3,796243.0
W8,1,0.0
W8,2,0.0
W8,3,0.0
W8,4,0.0
W8,5,0.0
W8,6,0.0
W8,7,0.0
W8,8,0.0
W8,9,0.0
W8,10,0.0
W8,11,0.0
W8,12,0.0
WG,1,24196.0
WG,2,25311.0
WG,3,30524.0
WG,4,21979.0
WG,5,3366.0
WG,6,1978.0
WG,7,1797.0
WG,8,1702.0
WG,9,1929.0
WG,10,1710.0
WG,11,11231.0
WG,12,11531.0
WI,1,0.0
WI,2,0.0
WI,3,0.0
WI,4,0.0
WI,5,0.0
WI,6,0.0
WI,7,0.0
WI,8,0.0
WI,9,0.0
WI,10,0.0
WI,11,0.0
WI,12,0.0
WL,1,12135.0
WL,2,8934.0
WL,3,12164.0
WL,4,15307.0
WL,5,16858.0
WL,6,20257.0
WL,7,19631.0
WL,8,10164.0
WL,9,7740.0
WL,10,4361.0
WL,11,5868.0
WL,12,9427.0
WN,1,12567497.0
WN,2,11723916.0
WN,3,14927697.0
WN,4,14384740.0
WN,5,15082760.0
WN,6,15369151.0
WN,7,15612290.0
WN,8,14601363.0
WN,9,13030582.0
WN,10,14643062.0
WN,11,14564711.0
WN,12,14188600.0
WRD,1,0.0
WRD,2,0.0
WRD,3,0.0
WRD,4,5.0
WRD,5,3.0
WRD,6,7.0
WRD,7,10.0
WRD,8,4.0
WRD,9,2.0
WS,1,498409.0
WS,2,497172.0
WS,3,569580.0
WS,4,522903.0
WS,5,415448.0
WS,6,370783.0
WS,7,382019.0
WS,8,395388.0
WS,9,345274.0
WS,10,402381.0
WS,11,476130.0
WS,12,476130.0
WST,5,186.0
WST,6,465.0
WST,7,956.0
WST,8,1094.0
WST,9,509.0
WST,10,59.0
WW,1,69708.0
WW,2,56215.0
WW,3,70717.0
WW,4,73466.0
WW,5,97242.0
WW,6,128369.0
WW,7,133834.0
WW,8,178704.0
WW,9,131875.0
WW,10,110026.0
WW,11,62971.0
WW,12,55105.0
X4,1,212.0
X4,2,77.0
X4,3,367.0
X4,4,536.0
X4,5,976.0
X4,6,1291.0
X4,7,1769.0
X4,8,1803.0
X4,9,815.0
X4,10,349.0
X4,11,245.0
X4,12,149.0
X9,1,19932.0
X9,2,13682.0
X9,3,9445.0
X9,4,9658.0
X9,5,10185.0
X9,6,9320.0
X9,7,8982.0
X9,8,12311.0
X9,9,9169.0
X9,10,9555.0
X9,11,10200.0
X9,12,14759.0
XL,1,12250.0
XL,2,11135.0
XL,3,12736.0
XL,4,12698.0
XL,5,12801.0
XL,6,13362.0
XL,7,15341.0
XL,8,17556.0
XL,9,12774.0
XL,10,12012.0
XL,11,12043.0
XL,12,12877.0
XP,1,34028.0
XP,2,31446.0
XP,3,31939.0
XP,4,24919.0
XP,5,18988.0
XP,8,1.0
XP,11,4.0
Y4,1,275783.0
Y4,2,206310.0
Y4,3,241047.0
Y4,4,222687.0
Y4,5,226907.0
Y4,6,249895.0
Y4,7,289832.0
Y4,8,245608.0
Y4,9,206199.0
Y4,10,215196.0
Y4,11,243554.0
Y4,12,295398.0
Y8,1,0.0
Y8,2,0.0
Y8,3,0.0
Y8,4,0.0
Y8,5,0.0
Y8,6,0.0
Y8,8,0.0
Y8,9,0.0
Y8,10,0.0
YR,1,11185.0
YR,2,9968.0
YR,3,13236.0
YR,4,13236.0
YR,5,27421.0
YR,6,25719.0
YR,7,25949.0
YR,8,25970.0
YR,9,24885.0
YR,10,18943.0
YR,11,12769.0
YR,12,9109.0
YV,1,1056619.0
YV,2,1005243.0
YV,3,1146481.0
YV,4,1153819.0
YV,5,1226776.0
YV,6,1308014.0
YV,7,1389452.0
YV,8,1344411.0
YV,9,1214227.0
YV,10,1302716.0
YV,11,1289167.0
YV,12,1226109.0
YX,1,1331384.0
YX,2,1320896.0
YX,3,1578374.0
YX,4,1593766.0
YX,5,1713861.0
YX,6,1746480.0
YX,7,1661642.0
YX,8,1645116.0
YX,9,1440225.0
YX,10,1635458.0
YX,11,1541195.0
YX,12,1533302.0
Z3,2,504.0
Z3,3,612.0
Z3,4,461.0
Z3,5,600.0
Z3,6,744.0
Z3,7,869.0
Z3,8,847.0
Z3,9,669.0
Z3,10,733.0
Z3,11,626.0
Z3,12,381.0
Z3Q,1,1095.0
Z3Q,2,2519.0
Z3Q,3,3106.0
Z3Q,4,3194.0
Z3Q,5,1855.0
Z3Q,6,2954.0
Z3Q,7,3668.0
Z3Q,8,2157.0
Z3Q,9,1177.0
Z3Q,10,1779.0
Z3Q,11,1793.0
Z3Q,12,2223.0
ZK,1,2493.0
ZK,2,2493.0
ZK,3,2542.0
ZW,1,273180.0
ZW,2,249315.0
ZW,3,326488.0
ZW,4,348694.0
ZW,5,352415.0
ZW,6,339747.0
ZW,7,354091.0
ZW,8,316360.0
ZW,9,298433.0
ZW,10,345781.0
ZW,11,329049.0
ZW,12,319301.0
ZX,1,75895.0
ZX,2,70494.0
ZX,3,93195.0
ZX,4,85167.0
ZX,5,98894.0
ZX,6,116772.0
ZX,7,119018.0
ZX,8,112928.0
ZX,9,98887.0
ZX,10,97276.0
ZX,11,73359.0
ZX,12,73465.0
